Rank,Website
27,ui.com
32,vimeo.com
59,tumblr.com
68,fastly.net
144,washingtonpost.com
188,quora.com
196,grammarly.com
219,trendmicro.com
228,giphy.com
501,corriere.it
505,elmundo.es
527,redfin.com
544,marca.com
554,onet.pl
590,vice.com
595,kohls.com
602,paloaltonetworks.com
607,bitdefender.com
1028,1mg.com
1515,spot.im
1526,mimecast.com
1596,statuspage.io
2006,ask.com
2023,bostonglobe.com
2039,jpost.com
2096,over-blog.com
2532,elespanol.com
2545,elconfidencial.com
3011,gmu.edu
3517,semana.com
3552,chefkoch.de
3553,comodo.com
3589,sport1.de
3592,lavozdegalicia.es
3882,illinois.edu
4036,nrdc.org
4059,telemundo.com
4522,15min.lt
4552,gala.fr
4557,purepeople.com
4559,lrytas.lt
4573,record.pt
4584,chess-results.com